topic_id;title;pid;video_id;youtube_url;suggested_token;update_hint
1439;[VÍDEO] ALISON ABRINDO SUA CNH;1439;yY-yz7GKsUI;https://youtu.be/yY-yz7GKsUI;{y:yY-yz7GKsUI};PROCURE O(S) TÓPICO(S) ONDE O VÍDEO yY-yz7GKsUI DEVERIA ESTAR e ADICIONE no HTML: {y:yY-yz7GKsUI}
1752;[VÍDEO] FOTOS DA SARAH BEATRIZ ARANA DE AQUINO;1752;CVfOyr9nwbQ;https://youtu.be/CVfOyr9nwbQ;{y:CVfOyr9nwbQ};PROCURE O(S) TÓPICO(S) ONDE O VÍDEO CVfOyr9nwbQ DEVERIA ESTAR e ADICIONE no HTML: {y:CVfOyr9nwbQ}
2130;[VÍDEO] EL MESTRE DEL CLICK;2130;mU7fMWYYHJU;https://youtu.be/mU7fMWYYHJU;{y:mU7fMWYYHJU};PROCURE O(S) TÓPICO(S) ONDE O VÍDEO mU7fMWYYHJU DEVERIA ESTAR e ADICIONE no HTML: {y:mU7fMWYYHJU}
2450;[DIÁRIO] 06/08/2020;2450;Ulb3rvovlG0;https://youtu.be/Ulb3rvovlG0;{y:Ulb3rvovlG0};PROCURE O(S) TÓPICO(S) ONDE O VÍDEO Ulb3rvovlG0 DEVERIA ESTAR e ADICIONE no HTML: {y:Ulb3rvovlG0}
3176;[DIÁRIO] 02/09/2022;3176;7EAgOLXSM9M;https://youtu.be/7EAgOLXSM9M;{y:7EAgOLXSM9M};PROCURE O(S) TÓPICO(S) ONDE O VÍDEO 7EAgOLXSM9M DEVERIA ESTAR e ADICIONE no HTML: {y:7EAgOLXSM9M}
3395;[VÍDEO] ENCONTREI UM GRANDE CARA MISTERIOSO!;3395;jyOaXjG9eaM;https://youtu.be/jyOaXjG9eaM;{y:jyOaXjG9eaM};PROCURE O(S) TÓPICO(S) ONDE O VÍDEO jyOaXjG9eaM DEVERIA ESTAR e ADICIONE no HTML: {y:jyOaXjG9eaM}
3494;[VÍDEO] LEVEI O CARA MISTERIOSO PRA VER O MIRANHA;3494;AHkOxgkl9fw;https://youtu.be/AHkOxgkl9fw;{y:AHkOxgkl9fw};PROCURE O(S) TÓPICO(S) ONDE O VÍDEO AHkOxgkl9fw DEVERIA ESTAR e ADICIONE no HTML: {y:AHkOxgkl9fw}
3510;[VÍDEO] PESSOAS DANÇANDO EM UMA SAC;3510;8vMRD--_ogY;https://youtu.be/8vMRD--_ogY;{y:8vMRD--_ogY};PROCURE O(S) TÓPICO(S) ONDE O VÍDEO 8vMRD--_ogY DEVERIA ESTAR e ADICIONE no HTML: {y:8vMRD--_ogY}
3525;[VÍDEO] TORCIDA DE UM CARA SÓ;3525;Fa0js2kwXsE;https://youtu.be/Fa0js2kwXsE;{y:Fa0js2kwXsE};PROCURE O(S) TÓPICO(S) ONDE O VÍDEO Fa0js2kwXsE DEVERIA ESTAR e ADICIONE no HTML: {y:Fa0js2kwXsE}
3800;[MÚSICA] AGUINHA GELADINHA;3800;BB76G5wnLvY;https://youtu.be/BB76G5wnLvY;{y:BB76G5wnLvY};PROCURE O(S) TÓPICO(S) ONDE O VÍDEO BB76G5wnLvY DEVERIA ESTAR e ADICIONE no HTML: {y:BB76G5wnLvY}
3800;[MÚSICA] AGUINHA GELADINHA;3800;7yvtnOmZbHk;https://youtu.be/7yvtnOmZbHk;{y:7yvtnOmZbHk};PROCURE O(S) TÓPICO(S) ONDE O VÍDEO 7yvtnOmZbHk DEVERIA ESTAR e ADICIONE no HTML: {y:7yvtnOmZbHk}
3837;[MÚSICA] ASTACARÁBUMTS;3837;RKIGGHLE0fk;https://youtu.be/RKIGGHLE0fk;{y:RKIGGHLE0fk};PROCURE O(S) TÓPICO(S) ONDE O VÍDEO RKIGGHLE0fk DEVERIA ESTAR e ADICIONE no HTML: {y:RKIGGHLE0fk}
3839;[MÚSICA] ATRAPALHADOR;3839;u2iwnk6nXMo;https://youtu.be/u2iwnk6nXMo;{y:u2iwnk6nXMo};PROCURE O(S) TÓPICO(S) ONDE O VÍDEO u2iwnk6nXMo DEVERIA ESTAR e ADICIONE no HTML: {y:u2iwnk6nXMo}
3839;[MÚSICA] ATRAPALHADOR;3839;nM9nEzFtjEA;https://youtu.be/nM9nEzFtjEA;{y:nM9nEzFtjEA};PROCURE O(S) TÓPICO(S) ONDE O VÍDEO nM9nEzFtjEA DEVERIA ESTAR e ADICIONE no HTML: {y:nM9nEzFtjEA}
3840;[MÚSICA] COCÔ NA ARARIÚS;3840;of_8lRgl6hE;https://youtu.be/of_8lRgl6hE;{y:of_8lRgl6hE};PROCURE O(S) TÓPICO(S) ONDE O VÍDEO of_8lRgl6hE DEVERIA ESTAR e ADICIONE no HTML: {y:of_8lRgl6hE}
3841;[MÚSICA] COMENTÁRIOS;3841;IG88LQg4UW4;https://youtu.be/IG88LQg4UW4;{y:IG88LQg4UW4};PROCURE O(S) TÓPICO(S) ONDE O VÍDEO IG88LQg4UW4 DEVERIA ESTAR e ADICIONE no HTML: {y:IG88LQg4UW4}
3842;[MÚSICA] COMIDA GOSTOSA;3842;CJoxm3TG4yE;https://youtu.be/CJoxm3TG4yE;{y:CJoxm3TG4yE};PROCURE O(S) TÓPICO(S) ONDE O VÍDEO CJoxm3TG4yE DEVERIA ESTAR e ADICIONE no HTML: {y:CJoxm3TG4yE}
3842;[MÚSICA] COMIDA GOSTOSA;3842;pWCTm959LMM;https://youtu.be/pWCTm959LMM;{y:pWCTm959LMM};PROCURE O(S) TÓPICO(S) ONDE O VÍDEO pWCTm959LMM DEVERIA ESTAR e ADICIONE no HTML: {y:pWCTm959LMM}
3843;[MÚSICA] CORRE PRA PRAIA;3843;ZH_F1VXYgUA;https://youtu.be/ZH_F1VXYgUA;{y:ZH_F1VXYgUA};PROCURE O(S) TÓPICO(S) ONDE O VÍDEO ZH_F1VXYgUA DEVERIA ESTAR e ADICIONE no HTML: {y:ZH_F1VXYgUA}
3844;[MÚSICA] DESCOLADINHO;3844;FMHoVuNYQKs;https://youtu.be/FMHoVuNYQKs;{y:FMHoVuNYQKs};PROCURE O(S) TÓPICO(S) ONDE O VÍDEO FMHoVuNYQKs DEVERIA ESTAR e ADICIONE no HTML: {y:FMHoVuNYQKs}
3845;[MÚSICA] DIX TRACK DETRAN;3845;FOVscjW9jQM;https://youtu.be/FOVscjW9jQM;{y:FOVscjW9jQM};PROCURE O(S) TÓPICO(S) ONDE O VÍDEO FOVscjW9jQM DEVERIA ESTAR e ADICIONE no HTML: {y:FOVscjW9jQM}
3845;[MÚSICA] DIX TRACK DETRAN;3845;tYo_KK56a4o;https://youtu.be/tYo_KK56a4o;{y:tYo_KK56a4o};PROCURE O(S) TÓPICO(S) ONDE O VÍDEO tYo_KK56a4o DEVERIA ESTAR e ADICIONE no HTML: {y:tYo_KK56a4o}
3846;[MÚSICA] TUBARÃO;3846;V1In2QFimfA;https://youtu.be/V1In2QFimfA;{y:V1In2QFimfA};PROCURE O(S) TÓPICO(S) ONDE O VÍDEO V1In2QFimfA DEVERIA ESTAR e ADICIONE no HTML: {y:V1In2QFimfA}
3847;[MÚSICA] ENGRAÇADINHO;3847;Oh9TMK2dWV0;https://youtu.be/Oh9TMK2dWV0;{y:Oh9TMK2dWV0};PROCURE O(S) TÓPICO(S) ONDE O VÍDEO Oh9TMK2dWV0 DEVERIA ESTAR e ADICIONE no HTML: {y:Oh9TMK2dWV0}
3848;[MÚSICA] HÁ UM POTÓ;3848;VZZLouPEn1s;https://youtu.be/VZZLouPEn1s;{y:VZZLouPEn1s};PROCURE O(S) TÓPICO(S) ONDE O VÍDEO VZZLouPEn1s DEVERIA ESTAR e ADICIONE no HTML: {y:VZZLouPEn1s}
